Dataset,Date,Time,T4_2K4K_ShrCount,SHR_Data
0,11/3/1994,0:00,1,4
0,2/2/1995,0:00,3,18.5
0,10/20/1995,0:00,5,8.014
0,1/11/1996,0:00,4,11.6
0,2/22/1996,0:00,4,8.214
0,4/4/1997,0:00,4,14.089
0,7/1/1997,0:00,3,1.809
0,9/25/1997,0:00,1,2.5
0,11/19/1997,0:00,3,11.31
0,3/1/2002,0:00,3,8.69
0,4/8/2002,0:00,4,16.643
0,6/5/2002,0:00,4,6.768
0,11/23/2002,0:00,3,6.928
0,1/16/2003,0:00,3,12.024
0,7/26/2005,0:00,4,4.05
0,7/4/2006,0:00,4,14.075
0,9/9/2006,0:00,3,4.3
0,12/9/2006,0:00,2,10.3
0,8/8/2007,0:00,4,4.325
0,10/23/2007,0:00,3,4.4
0,2/7/2008,0:00,3,10
0,3/10/2008,0:00,2,5.6
0,5/31/2008,0:00,3,7.567
0,11/14/2008,0:00,2,7.1
0,3/15/2009,0:00,3,6.6
0,5/11/2009,0:00,4,7.975
0,7/15/2009,0:00,4,6.975
0,8/28/2009,0:00,4,5
0,11/16/2009,0:00,3,4.7
0,2/8/2010,0:00,3,6.267
0,4/5/2010,0:00,4,6.125
0,5/14/2010,0:00,3,4.467
0,2/24/2011,0:00,4,4.025
0,5/16/2011,0:00,4,4.425
0,7/8/2011,0:00,4,4.525
0,2/19/2017,0:00,4,6.038
0,3/15/2017,0:00,4,9.558
0,3/30/2017,0:00,4,6.365
0,5/1/2017,0:00,5,4.723
0,5/15/2017,0:00,4,6.25
0,6/3/2017,0:00,4,3.577
0,6/23/2017,0:00,4,6.673
0,7/5/2017,0:00,4,3.231
0,8/14/2017,0:00,4,3.942
0,9/7/2017,0:00,4,4.058
0,10/11/2017,0:00,4,6.327
0,10/30/2017,0:00,4,4.577
0,2/6/2018,0:00,3,7.359
0,5/11/2018,0:00,4,8.5
0,11/15/2018,0:00,4,5.327
0,4/11/2019,0:00,3,6.846
0,6/24/2019,0:00,1,5.769
0,1/19/2020,0:00,4,8.577
0,3/18/2020,0:00,4,9.822
0,4/22/2020,0:00,4,9.268
0,5/30/2020,0:00,4,6.732
0,8/6/2020,0:00,4,8.786
0,9/3/2020,0:00,4,4.768
0,10/6/2020,0:00,4,4.232
0,10/18/2020,0:00,4,8.803
0,11/15/2020,0:00,3,8.238
0,12/6/2020,0:00,3,8.214
0,12/19/2020,0:00,3,6.905
0,1/20/2021,0:00,4,9.303
0,3/4/2021,0:00,4,9.59
0,3/14/2021,0:00,4,6
0,4/23/2021,0:00,4,7.518
0,5/4/2021,0:00,4,5.173
0,5/15/2021,0:00,4,7.821
0,6/3/2021,0:00,4,6.25
0,8/29/2021,0:00,4,4.34
0,9/15/2021,0:00,4,2.942
0,11/10/2021,0:00,5,12.614
0,12/8/2021,0:00,2,4.215
0,12/21/2021,0:00,4,8.768
0,1/6/2022,0:00,8,7.786
0,1/18/2022,0:00,8,6.304
0,2/3/2022,0:00,8,9.295
0,3/3/2022,0:00,3,9.857
0,4/8/2022,0:00,4,10.143
0,4/27/2022,0:00,4,7.625
0,5/6/2022,0:00,4,7.089
0,5/18/2022,0:00,4,5.857
0,6/17/2022,0:00,4,5.428
0,7/14/2022,0:00,4,3.893
0,7/24/2022,0:00,13,5.522
0,9/10/2022,0:00,4,5.161
0,10/5/2022,0:00,5,8.629
0,11/1/2022,0:00,4,6.161
0,11/15/2022,0:00,2,5.5
0,11/26/2022,0:00,4,7.089
0,12/8/2022,0:00,4,5.375
0,12/17/2022,0:00,4,9.839
0,1/15/2023,0:00,4,8.143
0,2/2/2023,0:00,4,9.768
0,3/14/2023,0:00,47,11.274
0,5/21/2023,0:00,10,5.936
0,3/2/2024,0:00,1,9.571
0,3/29/2024,0:00,1,8.214
0,8/12/2024,0:00,47,4.413
0,9/10/2024,0:00,47,4.409
0,10/14/2024,0:00,41,6.573
0,11/4/2024,0:00,47,8.21
0,11/17/2024,0:00,36,11.464
0,11/26/2024,0:00,46,5.405
0,12/5/2024,0:00,47,11.243
0,12/22/2024,0:00,47,12.337
0,12/30/2024,0:00,45,7.917
0,1/8/2025,0:00,47,10.714
0,1/14/2025,0:00,47,8.155
0,1/20/2025,0:00,47,12.308
0,1/29/2025,0:00,38,8.323
0,2/4/2025,0:00,38,9.504
0,2/26/2025,0:00,45,7.965
0,3/14/2025,0:00,32,8.721
0,3/31/2025,0:00,37,7.118
0,4/12/2025,0:00,45,8.594
0,4/21/2025,0:00,30,7.757
0,5/4/2025,0:00,47,6.83
0,5/12/2025,0:00,45,9.011
0,5/28/2025,0:00,47,7.567
